insert into Book (book_id , ISBN, title , price ) values (1, '37-808-9573', 'Trouble Every Day', 28);
insert into Book (book_id , ISBN, title , price ) values (2, '13-639-7922', 'Super Capers', 100);
insert into Book (book_id , ISBN, title , price ) values (3, '09-789-1420', 'In Bruges', 30);
insert into Book (book_id , ISBN, title , price ) values (4, '36-484-5928', 'Light the Fuse... Sartana Is Coming', 25);
insert into Book (book_id , ISBN, title , price ) values (5, '91-741-4850', 'Next Step, The', 50);
insert into Book (book_id , ISBN, title , price ) values (6, '99-493-9356', 'Year and a Half in the Life of Metallica, A', 33);
insert into Book (book_id , ISBN, title , price ) values (7, '79-585-7179', 'MacArthur', 76);
insert into Book (book_id , ISBN, title , price ) values (8, '35-301-3753', 'Carabineers, The (Carabiniers, Les)', 49);
insert into Book (book_id , ISBN, title , price ) values (9, '90-453-8530', 'Mighty Uke', 48);
insert into Book (book_id , ISBN, title , price ) values (10, '14-076-8826', '36th Chamber of Shaolin, The (Shao Lin san shi liu fang) (Master Killer)', 92);
insert into Book (book_id , ISBN, title , price ) values (11, '05-640-7355', 'Coffee and Cigarettes', 83);
insert into Book (book_id , ISBN, title , price ) values (12, '55-426-4455', 'Wake Up, Ron Burgundy', 35);
insert into Book (book_id , ISBN, title , price ) values (13, '52-707-1465', 'Zelary', 39);
insert into Book (book_id , ISBN, title , price ) values (14, '24-418-2328', 'Hansel & Gretel', 54);
insert into Book (book_id , ISBN, title , price ) values (15, '12-057-0643', 'Keeper, The', 26);
insert into Book (book_id , ISBN, title , price ) values (16, '85-515-8360', 'Harold and Kumar Go to White Castle', 32);
insert into Book (book_id , ISBN, title , price ) values (17, '69-550-2084', 'Wild Reeds (Les roseaux sauvages)', 39);
insert into Book (book_id , ISBN, title , price ) values (18, '91-874-6240', 'Focus', 47);
insert into Book (book_id , ISBN, title , price ) values (19, '35-421-3365', 'Bullfighter and the Lady', 46);
insert into Book (book_id , ISBN, title , price ) values (20, '76-427-4644', 'Halloween II', 88);

insert into Inventory  (inventory_id, book_id , no_of_copies) values (1, 1, 73);
insert into Inventory  (inventory_id, book_id , no_of_copies) values (2, 2, 89);
insert into Inventory  (inventory_id, book_id , no_of_copies) values (3, 3, 26);
insert into Inventory  (inventory_id, book_id , no_of_copies) values (4, 4, 195);
insert into Inventory  (inventory_id, book_id , no_of_copies) values (5, 5, 186);
insert into Inventory  (inventory_id, book_id , no_of_copies) values (6, 6, 19);
insert into Inventory  (inventory_id, book_id , no_of_copies) values (7, 7, 194);
insert into Inventory  (inventory_id, book_id , no_of_copies) values (8, 8, 24);
insert into Inventory  (inventory_id, book_id , no_of_copies) values (9, 9, 155);
insert into Inventory  (inventory_id, book_id , no_of_copies) values (10, 10, 75);
insert into Inventory  (inventory_id, book_id , no_of_copies) values (11, 11, 46);
insert into Inventory  (inventory_id, book_id , no_of_copies) values (12, 12, 60);
insert into Inventory  (inventory_id, book_id , no_of_copies) values (13, 13, 120);
insert into Inventory  (inventory_id, book_id , no_of_copies) values (14, 14, 167);
insert into Inventory  (inventory_id, book_id , no_of_copies) values (15, 15, 139);
insert into Inventory  (inventory_id, book_id , no_of_copies) values (16, 16, 96);
insert into Inventory  (inventory_id, book_id , no_of_copies) values (17, 17, 19);
insert into Inventory  (inventory_id, book_id , no_of_copies) values (18, 18, 59);
insert into Inventory  (inventory_id, book_id , no_of_copies) values (19, 19, 68);
insert into Inventory  (inventory_id, book_id , no_of_copies) values (20, 20, 166);

insert into Customer (customer_id, name, email, address) values (1, 'Bartholomeo Rotham', 'brotham0@reddit.com', '391 Hanson Place');
insert into Customer (customer_id, name, email, address) values (2, 'Muffin Hopkyns', 'mhopkyns1@ibm.com', '88921 Kennedy Place');
insert into Customer (customer_id, name, email, address) values (3, 'Miguela Biggins', 'mbiggins2@msu.edu', '07810 Golf Pass');
insert into Customer (customer_id, name, email, address) values (4, 'Ambrosi Thickin', 'athickin3@tuttocitta.it', '25 Menomonie Avenue');
insert into Customer (customer_id, name, email, address) values (5, 'Henrie Bresnen', 'hbresnen4@npr.org', '17488 Oxford Circle');
insert into Customer (customer_id, name, email, address) values (6, 'Windy Isworth', 'wisworth5@yale.edu', '136 Mesta Place');
insert into Customer (customer_id, name, email, address) values (7, 'Martguerita Ambrosoni', 'mambrosoni6@example.com', '76 Monterey Lane');
insert into Customer (customer_id, name, email, address) values (8, 'Gilles Fookes', 'gfookes7@wikispaces.com', '8 Sullivan Alley');
insert into Customer (customer_id, name, email, address) values (9, 'Brittaney Toffalo', 'btoffalo8@linkedin.com', '59700 Bluestem Point');
insert into Customer (customer_id, name, email, address) values (10, 'Willetta Cattell', 'wcattell9@shareasale.com', '60586 Burning Wood Place');
insert into Customer (customer_id, name, email, address) values (11, 'Tobie Langstone', 'tlangstonea@cbslocal.com', '4996 Donald Pass');
insert into Customer (customer_id, name, email, address) values (12, 'Lira Piscotti', 'lpiscottib@symantec.com', '54429 Florence Pass');
insert into Customer (customer_id, name, email, address) values (13, 'Hoebart Stainsby', 'hstainsbyc@freewebs.com', '9884 Debs Drive');
insert into Customer (customer_id, name, email, address) values (14, 'Celisse Torregiani', 'ctorregianid@issuu.com', '0 Sherman Terrace');
insert into Customer (customer_id, name, email, address) values (15, 'Dorolice Vernham', 'dvernhame@uiuc.edu', '22130 Lien Hill');
insert into Customer (customer_id, name, email, address) values (16, 'Adlai Cloy', 'acloyf@google.ru', '46870 Springs Plaza');
insert into Customer (customer_id, name, email, address) values (17, 'Alejandro Underdown', 'aunderdowng@mapquest.com', '51065 Hovde Hill');
insert into Customer (customer_id, name, email, address) values (18, 'Tuck Officer', 'tofficerh@blogspot.com', '65082 Roth Place');
insert into Customer (customer_id, name, email, address) values (19, 'Maighdiln Story', 'mstoryi@yandex.ru', '44 Westridge Terrace');
insert into Customer (customer_id, name, email, address) values (20, 'Brandy Sare', 'bsarej@boston.com', '55536 Tennessee Place');

insert into Order (order_id, customer_id, order_total, created_at ) values (1, 19, 249, '2018-07-15 18:28:48');
insert into Order (order_id, customer_id, order_total, created_at ) values (2, 3, 96, '2018-07-24 13:55:59');
insert into Order (order_id, customer_id, order_total, created_at ) values (3, 15, 147, '2018-05-08 20:37:23');
insert into Order (order_id, customer_id, order_total, created_at ) values (4, 15, 300, '2018-08-11 18:49:28');
insert into Order (order_id, customer_id, order_total, created_at ) values (5, 20, 30, '2018-12-07 04:10:30');
insert into Order (order_id, customer_id, order_total, created_at ) values (6, 7, 117, '2019-02-12 15:54:35');
insert into Order (order_id, customer_id, order_total, created_at ) values (7, 12, 26, '2019-02-26 04:55:00');
insert into Order (order_id, customer_id, order_total, created_at ) values (8, 7, 56, '2018-11-21 06:09:56');
insert into Order (order_id, customer_id, order_total, created_at ) values (9, 2, 162, '2019-02-19 03:29:15');
insert into Order (order_id, customer_id, order_total, created_at ) values (10, 14, 94, '2018-10-05 00:49:08');
insert into Order (order_id, customer_id, order_total, created_at ) values (11, 3, 78, '2019-02-27 22:20:04');
insert into Order (order_id, customer_id, order_total, created_at ) values (12, 18, 152, '2018-04-17 11:53:56');
insert into Order (order_id, customer_id, order_total, created_at ) values (13, 5, 84, '2018-07-21 10:46:50');
insert into Order (order_id, customer_id, order_total, created_at ) values (14, 11, 84, '2018-12-30 18:45:01');
insert into Order (order_id, customer_id, order_total, created_at ) values (15, 13, 46, '2018-08-26 22:10:24');
insert into Order (order_id, customer_id, order_total, created_at ) values (16, 8, 176, '2018-06-17 03:47:42');
insert into Order (order_id, customer_id, order_total, created_at ) values (17, 13, 184, '2018-08-29 16:55:24');
insert into Order (order_id, customer_id, order_total, created_at ) values (18, 3, 117, '2019-01-02 18:20:37');
insert into Order (order_id, customer_id, order_total, created_at ) values (19, 10, 90, '2018-10-24 06:53:25');
insert into Order (order_id, customer_id, order_total, created_at ) values (20, 2, 117, '2018-09-20 13:31:06');


insert into Order_Line  (order_line_id, order_id , book_id, quantity , item_total) values (1, 1, 11, 3, 249);
insert into Order_Line  (order_line_id, order_id , book_id, quantity , item_total) values (2, 2, 16, 3, 96);
insert into Order_Line  (order_line_id, order_id , book_id, quantity , item_total) values (3, 3, 8, 3, 147);
insert into Order_Line  (order_line_id, order_id , book_id, quantity , item_total) values (4, 4, 2, 3, 300);
insert into Order_Line  (order_line_id, order_id , book_id, quantity , item_total) values (5, 5, 3, 1, 30);
insert into Order_Line  (order_line_id, order_id , book_id, quantity , item_total) values (6, 6, 17, 3, 117);
insert into Order_Line  (order_line_id, order_id , book_id, quantity , item_total) values (7, 7, 15, 1, 26);
insert into Order_Line  (order_line_id, order_id , book_id, quantity , item_total) values (8, 8, 1, 2, 56);
insert into Order_Line  (order_line_id, order_id , book_id, quantity , item_total) values (9, 9, 14, 3, 162);
insert into Order_Line  (order_line_id, order_id , book_id, quantity , item_total) values (10, 10, 18, 2, 94);
insert into Order_Line  (order_line_id, order_id , book_id, quantity , item_total) values (11, 11, 15, 3, 78);
insert into Order_Line  (order_line_id, order_id , book_id, quantity , item_total) values (12, 12, 7, 2, 152);
insert into Order_Line  (order_line_id, order_id , book_id, quantity , item_total) values (13, 13, 1, 3, 84);
insert into Order_Line  (order_line_id, order_id , book_id, quantity , item_total) values (14, 14, 1, 3, 84);
insert into Order_Line  (order_line_id, order_id , book_id, quantity , item_total) values (15, 15, 19, 1, 46);
insert into Order_Line  (order_line_id, order_id , book_id, quantity , item_total) values (16, 16, 20, 2, 176);
insert into Order_Line  (order_line_id, order_id , book_id, quantity , item_total) values (17, 17, 10, 2, 184);
insert into Order_Line  (order_line_id, order_id , book_id, quantity , item_total) values (18, 18, 13, 3, 117);
insert into Order_Line  (order_line_id, order_id , book_id, quantity , item_total) values (19, 19, 3, 3, 90);
insert into Order_Line  (order_line_id, order_id , book_id, quantity , item_total) values (20, 20, 17, 3, 117);

insert into Author (author_id , name ) values (1, 'Andrea Adney');
insert into Author (author_id , name ) values (2, 'Parry Scoles');
insert into Author (author_id , name ) values (3, 'Humfried Tavner');
insert into Author (author_id , name ) values (4, 'Jeannine Whitmore');
insert into Author (author_id , name ) values (5, 'Jean Greenaway');
insert into Author (author_id , name ) values (6, 'Flor Kamenar');
insert into Author (author_id , name ) values (7, 'Eugenius Mace');
insert into Author (author_id , name ) values (8, 'Lane Mesant');
insert into Author (author_id , name ) values (9, 'Roma Pavlenkov');
insert into Author (author_id , name ) values (10, 'Deina Dolphin');
insert into Author (author_id , name ) values (11, 'Grayce Astlet');
insert into Author (author_id , name ) values (12, 'Kath Capps');
insert into Author (author_id , name ) values (13, 'Carly Orpyne');
insert into Author (author_id , name ) values (14, 'Delcine Perillio');
insert into Author (author_id , name ) values (15, 'Vinita Rohloff');
insert into Author (author_id , name ) values (16, 'Stacy Standon');
insert into Author (author_id , name ) values (17, 'Bronson Royan');
insert into Author (author_id , name ) values (18, 'Mallory Trattles');
insert into Author (author_id , name ) values (19, 'Ketti Waeland');
insert into Author (author_id , name ) values (20, 'Haven Rohan');


insert into Authorship  (authorship_id, author_id, book_id) values (1, 14, 8);
insert into Authorship  (authorship_id, author_id, book_id) values (2, 8, 18);
insert into Authorship  (authorship_id, author_id, book_id) values (3, 7, 11);
insert into Authorship  (authorship_id, author_id, book_id) values (4, 1, 17);
insert into Authorship  (authorship_id, author_id, book_id) values (5, 14, 2);
insert into Authorship  (authorship_id, author_id, book_id) values (6, 11, 7);
insert into Authorship  (authorship_id, author_id, book_id) values (7, 5, 3);
insert into Authorship  (authorship_id, author_id, book_id) values (8, 15, 6);
insert into Authorship  (authorship_id, author_id, book_id) values (9, 15, 1);
insert into Authorship  (authorship_id, author_id, book_id) values (10, 20, 13);
insert into Authorship  (authorship_id, author_id, book_id) values (11, 12, 16);
insert into Authorship  (authorship_id, author_id, book_id) values (12, 11, 16);
insert into Authorship  (authorship_id, author_id, book_id) values (13, 12, 20);
insert into Authorship  (authorship_id, author_id, book_id) values (14, 7, 3);
insert into Authorship  (authorship_id, author_id, book_id) values (15, 18, 4);
insert into Authorship  (authorship_id, author_id, book_id) values (16, 19, 5);
insert into Authorship  (authorship_id, author_id, book_id) values (17, 12, 1);
insert into Authorship  (authorship_id, author_id, book_id) values (18, 12, 8);
insert into Authorship  (authorship_id, author_id, book_id) values (19, 1, 6);
insert into Authorship  (authorship_id, author_id, book_id) values (20, 7, 10);

commit;